Rating,Review
5,"Ini pertama kali saya datang ke kantor BPJS Cabang Yogyakarta. Begitu masuk, saya disambut dengan sangat ramah oleh petugas dan langsung ditanyakan apakah ada keluhan. Saya diarahkan untuk mengambil nomor antrean dengan jelas dan cepat. â€¦"
5,"Menurut saya, tempatnya tidak terlalu besar, bersih, harum dan dingin sekali karena acnya banyakğŸ˜‚. Waktu pelayanan juga cepat kira-kira 3 menit-an untuk pengaktifan kembali kartu dan ubah lokasi faskes. Tetapi untuk antrian dipanggil itu â€¦"
5,"Pelayanannya sangat ramah dan detail, mau itu dari pihak satpam dan pihak CS nya. Sabar dan juga jelas saat menjelaskan maupun mengarahkan pengunjung. Tempatnya tidak terlalu luas tapi juga tidak terlalu sempit, tempat duduk untuk menunggu â€¦"
5,"Satpamnya ramah dan informatif, tempatnya nyaman dan AC dingin. Mudah diakses, google map sesuai."
5,"Saya dateng jam 10an, nunggu ngga lama, sekitar 17 menitan walaupun ada antrian 8 nomor. Pelayanan cepat karna ada terus yg dateng. Pertahankan dan tingkatkan terus pelayanannya"
5,"Pelayanan cepat, tanggap dan solutif
Datang jam 07.58 dilayani jam 08.00 gak pake antri. 6 menit persoalan administrasi BPJS langsung terselesaikan dengan sempurna. Terimakasih BAPAK/IBU
BTW aku bukan KTP DIY, Alhamdulillah bisa urus disini"
2,"Kadang sepi dan kadang rame parah. Loketnya terbatas, pegawainya sedikit. Jadi untung-untungan kalau ke sini sepi bisa cepat selesai urusannya. Kalau rame urusannya bisa lama banget bahkan tidak dilayani. Pelayanan melalui online WhatsApp â€¦"
5,"Pelayanan ramah , sopan , cepat cara penyampaian jelas dan mudah dimengerti , untuk mb May yg tugas dikantor BPJS cabang Yogya , saya mohon maaf td waktu memberi ulasan pelayanan anda saya salah baca , harusnya sangat puas tp saya td kurang puas , sekali lagi saya mohon maaf yg sebesar2nya , sy tidak sengaja ."
2,"Pelayananya lama datang dari jam 11 belum jalan-jalan sampai jam 2, cuman diiyain aja terus ditinggal, apa harus nunggu di komplain dulu"
1,"Service lelet, aplikasi bodol.... Suram.. Mw bayar aja di persulitkan"
5,Pelayanan memuaskan. Sudah dua kali dibantu oleh Kakak CS yang ada di bagian pengambilan nomor antrian. Kakaknya mendengarkan dengan sabar dan menjelaskan dengan detail sehingga tidak perlu sampai antri pada CS yang ada di belakang meja. Semoga terus mempertahankan pelayanan prima
5,"Saya kesini saat libur panjang jadi tidak menemui antrian panjang. Pelayanan bagus, para petugas sangat ramah dan helpful, begitu customer datang langsung ditanyai keperluannya apa dan dibantu mendapatkan solusinya. â€¦"
5,"Mampir ke BPJS Kesehatan ini untuk memperbaiki data. Pelayanan cepat & memuaskan. Hanya ada 2 loket tersedia. Ruang tunggu juga pakai AC dan wangi. Overall, semuanya baik. â€¦"
5,"Masuk, disambut security yang merangkap sebagai resepsionis dan customer service (CS). Kalo masalahnya ringan bisa tanpa ke CS alias selesai di security depan."
1,"Loket cuma 2, antrian panjang sekali, ini org2 bayar pajak,  bayar iuran dan punya hak sebagai manusia bukan hanya warga negar, bukan para pengemis bantuan sosial, tapi pelayanan sama sekali ga ada niat gimana gitu biar cepet. Ud enak gajian ya santai mungkin, ga inget siapa yg gaji mereka, ya RAKYAT lah"
5,"Alhamdulillah, pelayanannya super keren, baru masuk dapat salam hangat dari pengawainya, penjelasannya juga sangat jelas â€¦"
5,"Salah satu sentra pelayanan publik dengan pelayanan yang cukup bagus. Semua staf ramah, sigap dan cekatan dalam pelayanannya. Semua informasi diberikan detail, semua permasalahan jadi segera teratasi. Parkir juga gratis. Jaga dan tingkatkan terus kualitas pelayanannya."
4,Antri buat ganti kepesertaan lumayan cepat dan petugasnya ramah
5,"Suasana mendung diluar kantor bpjs membuat sejuk sehingga motor tidak kepanasan. Masuk ke dalam kantor bpjs terlihat kondisi pengunjung yang sedang mengurus bpjs kesehatan antri penuh tapi tetap terkendali, tertib, aman. Pelayanan juga bagus, jika Anda berkunjung kesini harap mengambil nomor antrian dahulu."
5,Pelayanan bagus ..pegawainya ramah  saya puas dgn pelayanan di kantor ini ...
5,"Pelayanannya sangat bagus, satpamnya juga ramah dan sangat sangat informatif, solutif membantu kendala biar ga antri, saya ganti status kepesertaan dan bayar iuran dibantu oleh satpam lewat aplikasi jadi tidak perlu antri loket petugas. Mantap overall bagus pelayanannya petugas juga good service"
5,"Mantap, pelayanannya cepat dan sangat membantu, dari Security sampai Cs semua bagus dan ramah banget, lagi nunggu no antrian sdh disamperi sama mb Cs nya di bantu langsung selesai beres, terimakasih ğŸ™ â€¦"
4,"Tempat yang nyaman, wangi dan bersih. Tempat duduknya memadai untuk banyak orang yang mengantri di dalam ruangan.
Proses administrasi juga nggak memakan waktu lama, pelayanan nya juga maksimal. Satpam dan customer service nya ramah, sopan, santun dan mengarahkan dengan baik dan lancar."
1,"Pelayanannya bagus, satpam ramah tapi sangat amat kecewa sama CS Cowoknya pada saat saya mau rubah dari BPJS yg di bayarkan oleh pemerintah (PNS) ke mandiri masa saya di bilangnya ada tunggakan 2,5 thn dan cukup bayar 3,5jt aja kalau mau di â€¦"
4,"Antriannya panjang, menunggu lama. Cs tidak buka semua."
1,Jam setengah 3 Dateng (gak tau klo BPJS selama puasa ttup jam setengah 2) .. nanya satpam  cewe .. yg jwb sambil mainan hp + gak berdiri nyamperin sama skli .. â€¦
2,"Lama
Lama
Lama â€¦"
5,"Dtg jm 10 dsmbut pak stpm sm mba stpm, dtnyain kprluan ny. Mau buat bpjs trnyta d cek sm mb stpm udah ada dr pbi,  lalu d dfrkan aplksi jkn cepat skli bs membantu org awam sprti sy. Terima kasih mba satpam gercep sekalii ğŸ‘ğŸ‘ğŸ‘ â€¦"
4,"Gk tralu ramai, pelayanan cukup bagus.
-Parkir diluar"
5,Petugasnya ramah..malah terlalu ramah
3,"Ketiga kalinya datang kesini karena ada keperluan yang sangat mendesak dan tidak bisa dilakukan secara online.
Begitu sampai tidak bisa langsung masuk ke kantornya begitu saja, harus ikut â€¦"
5,"Antrian ramai tapi lancar, saya datang di jam 10 pagi.
Semua pegawai sangat ramah dari satpam, sampai bagian pelayanannya (maaf jika salah penyebutanğŸ™ğŸ»). â€¦"
5,"Pelayanan sangat ramah, tempatnya juga nyaman, untuk pertama kali pengurusan BPJS disini dijelaskan dengan sangat detail. terimakasih"
5,Tempat nya wangi & pelayanan nya ramah. Menyambut dgn baik dan full senyum.
5,Pelayanan sangat ramah dan sangan dibantu. Secara kesuluruhan sangat baik dan memuaskanğŸ™ â€¦
4,Pelayanannya bagus dan ramah walaupun petugasnya tidak banyak tapi nyaman dengan tempat dan suasananya. Saran saya parfume spray ruangannya jangan terlalu banyak soalnya bikin sesak nafasğŸ˜. Over all good service. Terimakasih. â€¦
5,"dabessssst bangett pelayanannya, dari security sampe petugasnya ramah semua
ruangan wangi, Acnya dingin pokoknya gak ada obat, mana cepet banget lgğŸ¥¹
Thankyouuuu somatttyyy â€¦"
5,Pelayanan cukup cepat dan petugas ramah sekali. Sangat informatif dalam memberikan informasi kepada pelanggan
5,"Pelayanan ramah, cepat, dan tahu mengoptimalkan pemanfaatan teknologi informasi."
5,"Saya puas dengan pelayanan yang diberikan.  Satpamnya sangat ramah dan cekatan. Begitu juga dengan CS, prosesnya cukup cepat. Saya datang sebelum jam 8. Kantor BPJS buka jam 08.00 WIB, setelah buka saya dapat nomor antrian 5 dan jam 8.20 WIB saya sudah selesai. Selain itu fasilitas toilet dan mushola juga bersih terawat. Terima kasih."
5,"Datang jam 9 antrian masih sedikit, kebetulan saya bawa anak dikasih antrian prioritas sama pak satpam, satpam ramah, begitu datang langsung ditanya keperluan dan persyaratan berkasnya sudah lengkap atau belum, petugasnya mbak fitri ramah."
1,Mbak petugas seragam hitam jilbab hitam yg standby dekat pintu masuk kenapa ke pengunjung yg datang sebutnya 'kamu' ya â€¦
5,"Pelayanan ramah, murah senyum, cepat, suasanan nyaman adem"
5,Terimakasih atas pelayanannya sangat memuaskan mas
5,PELAYANAN NYA TOP MANTAP IS THE BEST POKONYAAA BINTANG SEJUTA ğŸ¤©ğŸ¤©ğŸ«µğŸ»ğŸ«µğŸ» â€¦
5,"2 kali berkunjung selalu mendapatkan pelayanan yang baik, satpam sangat membantu dan informatif. Sehingga saat antri di Cs semua berkas yang dibutuhkan sudah lengkap tanpa harus bolak balik. Waktu antri lumayan lama karena setiap harinya â€¦"
5,"Sangat baik pelayanannya ,Mas Evan"
1,"Kan mau bikin bbjs kesehatan tapi karena untuk alamat lengkapnya di ktp masih magelang pas kesini satpamnya bilang suruh ngurus di bbjs magelang tapi pas ke magelang di suruh CS nya ngurus di yogya, begitu buruknya oknum pelayanan publik,"
5,"Untuk pengurusan perubahan data sgt mudah dan dilayani dengan sigap, ramah oleh staffnya. Mempermudah bgt. Btw krn datengnya jam 8an jadi masih ga antri"
5,"Pelayanan cukup memuaskan, ruangan berpendingin, tempat parkir luas dan gratis, akses lokasi mudah, dilengapi keamanan berupa cctv dan satpam yang bisa dimintai informasi dan tatacara mengurus sesuatu di kantor bpjs kesehatan"
5,Ruangan bersih wangi pelayanan staff Memuaskan
5,"Alhamdulillah. Perubahan faskes untuk diri sendiri cepat terlayani tanpa nomor antrian ya, karena ada monitor tersendiri. Cukup masukkan NIK dan foto langsung di tempat, piih faskes yang dituju bisa klinik atau puskesmas. Perubahan faskes â€¦"
5,"Kesini siang hari sekitar pukul 1 siang
Jd antrian hanya sedikit
Pelayanan cepat dan ramah â€¦"
5,"Layanan cepat dan trampil, apalagi sudah ada app yg sangat membantu. Sebaiknya semua syarat2 sudah dilengkapi supaya cepat dilayani."
5,"Antrean ramai lancar harap bersabar.
Begitu masuk disambut oleh bapak satpam yang sangat informatif. Terimakasih pak. â€¦"
5,Pelayanan yg sangat membantu & terbaik. Sopan & ramah. Terus  maju bpjs jogja
5,"Alhamdulillah kesini pas sepi bgt cuma saya sendiri
Pelayanan cepat security sangat membantu proses pengisian data
Front officer nya cantik2 dan ramah2 â€¦"
5,"Scurity informatif  / staf welcome banget, pelayanan sangat  cepat, ramah, ruang AC dingin banget, toilet bersih, nyaman pokoknya tks, semoga sukses tingkatkan  pelayanan, .."
5,"Walaupun antri, tapi saat datang disambut oleh satpam wanita yg ramah, dan sangat infomatif sekali saat kami bertanya-tanya sebelum kami menuju cs"
4,"pertama kali masuk kantor ini (pintu masuk mudah ditemukan)
langsung kebagian ambil nomer dan nanya sama pak satpam yang kebetulan ada 2 orang yang standby, langsung dibantu mengambil nomer antrian sesuai dengan â€¦"
3,"2014 kesini antre +-3jam an, untuk ubah data. 2024 kesini lagi, ubah data krn kk, masih saja antre 3jam an. Ambil tiket jam 12, baru dipanggil 3.15, sudah 10th, masih konsisten.. konsisten suweee ğŸ˜…. Baru tau klo bisa lewat wa, setelah â€¦"
4,"Antrinya lama banget, padahal no antrian cuma belasan. Sisa antrian 7 nunggu 1 jam
Sebaiknya nambah loket pelayanan. Masa' cuma 3 loket"
5,"pelayanan sangat baik, udah ambil nomor antrian tp gajadi krn sudah dilayani secara cepat oleh mbak2nya utk buat aplikasi. auto cepet bgt deh.. nomorantrian gajadi dipake.. thanx a lot ya ... semoga pelayanan bojs dimanapun semakin baik, amanah, berkah,kita semua sehat terus ya,, aamiiin.."
5,Cepet banget prosesnya untuk pergantian nama ğŸ‘ğŸ» â€¦
5,Pertama kali kesini 18/7 jam 12.40 dan pelayanan dri satpamnya yg di ruangan masuk sebelah kiri benerÂ² ramah bgt bapaknyağŸ¥° soalnya saya ngrantau dan benerÂ² di beri pelayanan yang super detail dan sabar ngejelasinnya. Makasih bapakğŸ™ â€¦
5,pelayanan dari semua petugas BPJS Kesehatan Yogyakarta baik. bahkan mbak2 security yang di dekat pintu memahami betul layanan di BPJS (respect) dari masuk pintu sudah ditanyakan membutuhkan bantuan apa. jika bisa diselesaikan di security â€¦
5,"petugasnya ramah, tempatnya sangat bersih dan nyaman."
5,"Frontliner ramah, menguasai materi. Datang jam 10, banyak antrean, namun apabila memang tidak perlu untuk konsultasi ke loket, bisa langsung dilayani di frontliner. Tak kasih bintang 5"
1,"antrian di depan gajelas, udah lama antri diserobot petugas diam aja dan ttp melayani yg menyerobot"
5,Pelayanan sangat baik dan ramah
5,"Kantor BPJS ini didirikan sebagai kantor cabang Yogyakarta. Tempatnya strategis, terletak di sisi jalan raya. Bagi yang pertama kali datang kesini tidak akan kesulitan menemukannya. â€¦"
3,Semenjak covid antrian lumayan sepi tetapi banyak yang lalu lalang datang. Sekedera info per septermber 2019 kalau mau daftar bpjk harus memiliki tabungan yang bisa auto debit. Type tabungan ku tidak bisa digunakan untuk mendaftar karena tidak bisa auto debit. Semoga informasi ini membantu.
5,"pelayanan baik dan petugas ramah, tempat lumayan luas, ada mushola dan toilet. jam pelayanan senin-jumâ€™at 08.00-15.00"
5,Pelayanan baik penjelasan jelas terimakasih mas
5,"Ke KC BPJS Kes3hatan Yogyakarta, perlu urus pemindahan dari kepesertaan Askes ke BPJD Kesehatan Mandiri. Loket tersedia 3 (tiga), namun untungnya (orang Jawa punya), tidak terlalu padat pengunjungnya. Kantornya sangat layak, bersih lagi."
5,"pelayanan ramahh polll, buat ngurus registrasi ulang bpjs disini sangat worth it"
5,Pelayanan cepat tepat dan tidak bertele tele (tidak seperti di online yang syaratnya banyak) + FO ramah
4,Kenapa mobil peserta bpjs tidak boleh parkir di dalam  pdahal di dalam masih banyak halaman kosong dan semua demi keamanan pelanggan.
5,Banyak kursi tersedia. Saluuuuuuttttttt. Jadi yang antri bisa duduk. Kursi yang di luar empuk lhoooo
5,"Sekarang pendaftaran dan pembenahan data online semua, mantap. Didepan kantor juga sudah ada satpam yg informatif kalo semisal kita belum tau sistemnya sekarang. â€¦"
5,Pelayanan semakin baik Dan cepat.
5,"Pelayanan nya sangat ramah ,dari mulai pak satpam dan staf lainnya sangat membantu"
2,"Tidak parkir buat kendaraan roda 4, harus parkir d luar pinggir jalan,"
5,"Pak satpam namanya Bpk Advent.N sangat ramah luar biasa,sangat membantu,sabar,dan tawakal,,semoga Bpk selalu sehat,banyak rejeki,dan dapat promosi menjadi Presiden,Aamiin"
5,"Pelayanan bagussssss
Tetapppp smangaddd melayani"
5,"Eit...Pas cari gedungnya agak kelewat dikit, antara Gedung Muhammadiyah dan DAGADU jogja, Parkir luas, toilet tamu ada di bagian tengah gedung dipisah putra dan putri, ada mushola luas juga, rukuh tersedia... (muter ke belakang krn â€¦"
5,"Pelayanan baik cepat ramah. Sekuriti help full. Ruangan bersih, full AC, nyaman."
5,"Pelayanan humanis, cepat, membantu sekali jika ada kebingungan,"
5,Makasi untuk mb2 satpam yang udah gercep bantuin apl jkn pindah faskes jadi ngga perlu antri lama
5,Tempatnya sangat nyaman & pelayananya sangat menyenangkan. Mas2 security nya ramah dan sangat membantu serta informatif saat proses pengambilan nomor.
3,Harus sabar dg antrian yg panjang. Ada 6 loket tp yg buka 3 loket. Pelayanan ramah
5,"Parkir cukup luas, pelayanan ramah, penggantian status bpjs bebas biaya, ruangan enak."
5,Pelayanan nya bagus dan baik
5,"Pegawainya udah ok banget pelayanannya ğŸ™ğŸ™

Masih banyak yang perlu diperbaiki dari sistem pembayaran (auto-debet B,CA â€¦"
5,Pelayanan disini sangat ramah dan sangat membantu dan cepat . Terimakasih bpjs kesehatan cabang yogyakarta
5,"Pelayanan ramah
Tempat bersih
Toilet bersih â€¦"
5,Sangat ramah sekali pelayanan sangat menyenangkan .. cs no 1 mbak Nindya ...penjelasannya juga sangat rinci.. murah senyum .. pokoknya bintang 5 dah ..makasih
5,"pelayanannya bagus ramah, ruangannya nyaman ber ac. jangan ragu untuk kesini:)"
5,"Pelayanannya cukup jelas dan ramah, baik bagian satpam maupun cs nya. Ruang tunggu juga nyaman."
5,"Untuk pelayanannya bagus bgt, ramahh dan sangat membantuu sekaliiâœ¨ï¸"
5,"Buat BPJS mandiri, pelayanan ramah, dan cepat .Terima kasih untuk pelayanannyağŸ‘ â€¦"
5,"Pelayanannya cepat, banyak staff yang membantu. Security juga ramah sekali. ğŸ‘ğŸ» â€¦"
5,"Informasi yang diberikan sangat jelas, terima kasih pak N (Maaf, saya lupa nama bapak, yang saya ingat huruf awalnya saja), bapaknya yang membantu membuka pintu saat saya mau masuk ke kantor tersebut. â€¦"
5,"Pelayanan cepet bgt, ga sampe 5 menit kelar dibantu sama mba security nyaağŸ¥° mana security nya ramah ramah poooolll, pertahankan â˜ºï¸ sehat selaluuu seluruh karyawannyaâ˜ºï¸ â€¦"
5,Terimakasih sudah diberikan pelayanan yang baik
1,"Halo BPJS, tolong dong siapin KURSI diluar ruangan buat pengantar krn yg masuk ruangan hanya boleh satu orang.
Saya menghargai peraturan yg mengijinkan 1 org aja yg boleh masuk. â€¦"
5,"Pelayanan cepat,ramah,dan informatif"
5,"Pelayanan bagus dan ramah. Agar tidak antri, bisa berangkat lebih pagi dan berkas sudah siap"
5,Tempat yang nyaman dan pelayanan yang ramah
4,"Jika akan mengurus BPJS sebaiknya persiapkan dahulu berkas-berkas yang diperlukan. Tempat fotocopy lumayan jauh dari lokasi BPJS ini. Kalau datang kesini pun harus pagi sekali, karena jika sudah siang antreannya pun akan banyak dan lama. Jangan sungkan untuk bertanya kepada satpam karena satpam akan dengan senang hati membantu kita."
5,Pelayanan memuaskan
5,"Maaf kak, apa hari ini bisa melayani pengambilan bpjs"
5,"Alhamdulillah, Terimakasih Atas Pelayanannya, Sangat Bagus, Rama, Cekatan Dan Cepat diproses. Semoga tetap Istiqomah sukses selalu diberikan kesehatan karyawan semua diberikan kelancaran Pekerjaannya. Aamiin"
5,Pelayanan sangat bagus dan cepat.
1,"Pelayanan publik yang menghabiskan banyak waktu.

Saran saya, buat aplikasi antrian online yg bisa terkoneksi dengan internet, dan â€¦"
5,Bagus pelayanannya semua yang ditemui memberi info akurat. Penjelasan secara online dan lngsung pun baik.. Tidak harus mengantri ke cs tapi kita disamperin petugasnya sambil ditanya apa masalahnya.. Kemudian dibantu diarahkan.. Terima kasih semoga pelayanannya lebih bagus lagi
5,"Pelayanannya sangat memuaskan, semua kendala yang dialami dapat terselesaikan dg baik. Penjelasnnya jg cukup dipahami"
5,Pelayanan bagus orangnya ramahÂ² dan tempatnya jaga nyaman buat menunggu
5,"Pelayanan cepat.. antri sedikit..
Pindah faskes hanya butuh kartu keluarga..
Aktifnya 1 bulan kemudian."
4,"Baru tau pelayanan pindah disini setelah sempat ke Timoho, pelayanan disini baik dan memuaskan serta cepat dan jelas"
5,Pelayanan thd klien sangat baik..dari security-nya sat set.. ramah.. dan sangat membantu ğŸ‘ğŸ‘ğŸ‘ â€¦
5,"TERBAIK LUR, saya kemarin cetak ulang kartu, saya kira bakal lama karena saya bukan asli jogja. Tapi ternyata untuk cetak ulang kartu cepet banget, pelayanannya enak dan rapi bgt. Protokol kesehatan? Jangan ditanya disana ketat tapi tetap buat nyaman. Sukses terus BPJS Kota Jogja"
5,Terim ksih pelayanannya cepat sat set
5,Pelayanan ramah baik cepat
5,Terimakasih kpd petugas kantor bpjs kota ntuk pelayanan ramah dan cepat
5,Pelayanan Sangat Bagus dan pastinya memuaskan. Semoga semua kebaikan menjadi ladang Amal yg penuh Berkah Tuhan Amin.
4,"Pelayanan dari petugas loket bagus, memberikan informasi jelas. Tapi yang mines satpam nya ""kata dari petugas loket lansia & ibu hamil prioritas"" tapi dari satpam dibiarkan"
3,"Udah ok sih sbnernya, cuma bisa lebih baik lagi harusnya, melihat situasi antrian yg mbludak.
tempat udah nyaman, wifi free, parkir sesuai, pelayanan lumayan profesional."
5,Alhamdulillah pelayanan yg baik sekali. Mohon dapat terus ditingkatkan. Saat dapat nomor antrean 24 masih menunggu kira2 10 orang tiba2 didatangi petugas dan ditanya serta dibantu prosesnya. Tidak menunggu lama selesai. Terimakasih atas layanan yg baik. Semoga sukses selalu
5,Mas Evan sangat ramah dan helpful
5,"Pelayanan sangat baik, tempat bersih para pegawai nya ramah ramahh niceee pokoknya"
5,"Barusan sya kesana jam 11 lewat, selesai jam  12 kurang, disambut satpam wanita, didaftarkan jkn mobile untuk peserta bpjs. Keperluan sya mengaktifkan bpjs usia 21 thun keatas dan masih kuliah sekalian pindahlan faskes. Cepat sekali pelayanannya, terbaik sih ğŸ‘ğŸ‘ğŸ‘ â€¦"
5,"Pelayanan ramah,  cepat & tempat tunggu yang nyaman."
5,"Pelayanan cepat, informasi jelas dan memuaskan..T O P... Tengkiyu"
5,"siang tadi datang ke sini untuk mengurus ulang akun BPJS pelayanannya cepat dan sangat memuaskan pegawainya pun ramah dan komunikatif, mulai dari masuk sudah ada mas mas security yg inisiatif menanyakan keperluan pengunjung dan mengarahkan â€¦"
5,"Pengalaman mengantar surat.
Maps sesuai lokasi.
Satpam ramah. â€¦"
5,"Alhamdulillah dan terimakasih kami ucapkan utk segala fasilitas yg begitu mudah bagi kami dan sangat membantu.
Pelayanan SDH bagus dan bisa di tingkatkan lagi"
5,"Pelayanan sangat ramah dan cepat responnya,,,"
5,Penggantian no hape dilayani dengan amat baik mulai dari satpam bahkan diantar lgs pd pelayanan. Tidak menunggu lama petugas bpjs kesehatan (mbk sil**a) mendatangi sy dan melayani dengan sigap dan sopan ramah di kursi ruang tunggu. Semua oke pokoknya
5,"Saya dibantu satpam mas Aadfent JKN mobile, terima kasih"
5,"Pelayanannya bagus, pegawai ramah, dan cepat dalam melayaniğŸ‘ â€¦"
5,Terima kasih atas pelayanan yang sangat bagus dan ramah tingkatkan terus
5,"Terima kasih pelayanan sangat memuaskan, petugas semua ramah"
5,"pelayanan cepat, petugas ramah, sopan, penjelasannya sangat mudah dipahami dan sangat membantu customer ğŸ’¯ğŸ’¯ â€¦"
5,"Untuk pelayanan administrasi nya sangat baik dan cukup memuaskan, untuk tempat nya pun bersih dan wangi, dan pelayanan nya pun cukup cepat jadi tidak terlalu lama menunggu"
5,"Alhamdulillah, sudah dberi pencerahan sama mas Bayu..,ğŸ™ intinya iur BPJS mandiri terhitung mulai tanggal 1 awal bulan.
Kedatangan ke dua ketemu mbk Zahwa dan mohon bantuan login aplikasi JKN mobile â€¦"
5,Layanan sangat puas penjelasan juga jelas ..
5,"Suka banget dengan pelayanan disini, semua petugas nya ramah ramah dan sangat membantu. Dan proses nya juga sangat cepat. Semogga selalu menjadi tempat pelayanan terbaik â˜ºï¸"
4,"Kantor bersih .tertib, tersedia layanan untuk difable, layanan cepat tidak lama antre, petugas cukup informatif dan membantu.,.."
5,"Pelayanannya bagus..semua staf juga ramah ramah, kesini buat memperbaiki data dan akses apk..semuanya langsung selesai dan ataf nya sabar sabar"
5,"Pelayanan yg diberikan sesuai, tidak mengantri dan front office membantu pengunjung dengan ramah dan cepat"
3,"Pelayanannya baik dan ramah,  sayangnya counter nya tidak dimanfaatkan seluruhnya sehingga sering ngantri cukup panjang."
5,"Pelayanan nya sangat ramah, dan prosesnya cepat..."
5,"Pelayananya sangat bagus , sangat membantu untuk semua kalangan,,
Ramah"" semua petugasnya,
SOPnya sangat bagus sekali,,"
5,Terimaksih sudah dilayani dengan baik dan dibantu tuntas dan jelas.
5,Pelayanan sangat ramah
5,Bagus pelayanan cepat dan ramah .. sayang nya wifii nya ga di open terbuka
5,"Pelayanannya ramah, penjelasannya tergolong mudah dipahami. Antri sesuai urutan. Terimakasih."
1,"Pelayanan satpam tidak memuaskan, tidak ramah. Tamu dari instansi tidak dilayani dengan baik, semoga pelayanan terhadap masyarakat lebih baik."
5,"Pelayanan nya baik,mbaknya ramah dan cara menjelaskannya bisa cepat dimengerti.."
5,Alkamdulillah pelayanan baik s RT kali saya sangat terbantu semoga pelayanan tetap baik bisa bantu saya yang gaptek nueun.
5,Alhamdulillah pelayanan cepat dan lancar
5,karyawanya sangat ramah dan komunikasinya mudah dipahami serta tempatnya nyaman dan asri
4,"Tempatnya nyaman dan bersih, tp antrean utk informasi terlalu lm menunggu, mhn ptgs ditmbh spy lbh cpt"
5,"Hari jumat jam 10an nyampe sini, ternyata antri nya dikit...klo gak butuh palinh gak kesini deh..hahahaha"
5,"Terimakasih atas pelayanan nya, sangat2 baik.. terutama mbak silvi dan security yang bagian antrian lupa ga tanya nama... but overall really-really great, very helpfull, and one thinks all staff are friendly... Tempatnya nyaman, dan bagus.. â€¦"
5,Layanan sangat bermanfaat kedepan semoga bisa menjalin kerja sama dengan pemangku wilayah terbawah seperti kader pkk utk promosi nya
5,Nyaman pelayanan ok semua
4,"Bagus, Satpam juga ramah"
5,Assalamualaikum terimakasih untuk mbk Zahwa atas bantuannya dan pelayanan nya yg sangat memuaskan saya untuk saya pahami.semoga samakin sukses untuk kedepannya nya terima banyak untuk mbk Zahwa ğŸ™ğŸ™ â€¦
5,"Pelayanannya ramah, murah senyum dan cepat. Penjelasan cukup baik. Bikin nyaman."
5,Fasilitas sangat lengkap dan baik. Semua pegawai ramah dan informatif memberikan informasi secara jelas. terimakasihğŸ˜‡ğŸ™ â€¦
5,Buat kalian yang pusing nyari objek penelitian yang bersangkutan dengan perusahan gw saranin masuk ke bpjs kesehatan gedong kuning pasti diterima dam tidak ribet ini itu. Oh iya pegawai nya juga ramah-ramah pokoknya mudah deh. Dan sebelah â€¦
5,"Saya ingin tanya kenapa sering eror dipeserta bpjs, info pendaftaran. Sehingga saya tidak dapat akses online."
5,Pelayanannya bagus dan pegawai cepat dalam melayanani
5,"Saya mau login ke jkn tapi kode otp slalu gabisa, akhirnya langsung ke kantornya, semua staff ramah banget dari mulai security sampe dibantu sampe selesai sm mba mayaaa, terimakasih semoga slalu memberikan pelayanan terbaiknya yaaaa:)))"
5,"Pelayanan cepat, ramah dan sigap.. ruang tunggu nyaman,bersih,AC, tersedia ruang laktasi, toilet bersih."
5,"Baru pertama kali ke kantor BPJS kesehatan, berangkat pagi jam 8 nan, keperluanan perbaikan data identitas, disambut 2 satpam yg sangat ramah sekali & informatif â€¦"
5,"petugas pelayanan yang cekatan dan ramah terhadap peserta BPJS, sehingga peserta mendapatkan informasi yang mudah diterima. selain itu ruangan kantor yang nyaman membuat kita nyaman untuk menunggu antrian"
5,"Pelayanannya baik sekali,.
Staf nya yg menjelaskan baik,Ramah,dan bisa dimengerti"
5,Pelayanan okay banget...mudah cepat ramah
5,"Pelayanan sangat memuaskan ,mbaknya ramah ditail dalam menjelaskan...terima kasih bpjs..."
5,"Pelayanan nya prima dan solutif, petugasnya  sangat ramah, tempatnya bersih dan wangi"
5,"Saya sudah datang ke sini beberapa kali, baik setatus sebagai karyawan Badan maupun pribadi. Sapaan securitinya baik dan ramah, di tanya keperluannya apa dan di beri  nmr antrian. Keperluan kali ini meminta informasi hal setatus kepesertaan â€¦"
5,Pelayanan sangat memuaskan. Ramah dan baik. Semangat terus...
5,pelayanannya memuaskan . ramah . dan cepat . trimakasih mbak Zahwa sudah dibantu . maturnuwun
5,"Pelayanannya baik, petugasnya juga ramah, sangat membantu sekali"
5,"Pelayanan bagus, cepat, ramah. Cuma antrean panjangggg.... Berarti bagus dong"
5,Secara pelayanan sudah baik. Karyawan nya juga ramah. Membantu untuk keperluan custumer
5,Pelayanan ramah dan cepat
5,"Masyaallah pelayanannya sangat ramah dan bagus dan sangat membantu sekali, terima kasih"
5,Pelayanan nya detail dan jelas untuk di mengerti serta petugas nya ramah sekali ..terimakasih atas bantuanya
5,Terimaksih pelayanan ternyata cepat dan gak lama. Petugas ramah
5,Pelayanannya ramah dan cepat. Udah pernah ke beberapa kantor BPJS. Tapi cabang ini paling keren sih. Pertahankan & tingkatkan terus pelayanannya. Terimakasih.
5,Pelayanan lumayan cepat dan baik. Ada satpam yang baik banget dan ada satpam yang muka gak mau senyum.
5,"Pelayanan sangat ramah, fasilitas ruang tunggu yang nyaman, arahan dari petugas jelas dan mudah dipahami ğŸ‘ğŸ‘ â€¦"
3,"Selalu saja ramai, percepat lagi pelayanan
Fyi saja untuk wifinya
Username = tamu â€¦"
5,"Baik, terbantukan apa yg saya inginkan dan petugas melayani dg ramah, sabar dan cekatan"
5,"Buat yg mau kesini aku saranin jangan sampe dapet cs yg namanya Risza, sumpah ga becus. Waktu itu aku dipengaduan menanyakan status bpjs yg masih aktif, sedangkan 1 minggu yg lalu sudah mengurus penonaktifan, dia cek lama bgt ada kalo 10 â€¦"
5,"Pelayanan BPJS Jogja sangat cepat, membantu, dan memuaskan....terutama dalam memandu pengoperasian JKN mobile, sehingga kami peserta bisa lebih mudah memahami.."
5,"Pelayanan bagus
Kakaknya ramah , pelayanan cepat jangan ragu bertanya  â˜ºï¸ğŸ™ â€¦"
5,"Sangat membantu sekali, semua pekerja sangat ramah juga dan siap menerima dan menjawab pertanyaan"
5,"Terimakasih atas pelayanannya, cepat, mudah dimengerti dan dipahamiâ€¦
Jelas dalam penyampaian informasi
Terima kasih Mas Dimas atas penjelasannya"
5,"Pelayanan ramah dan sabar. Fast respond pokoknya, terimakasih banyakğŸ™ğŸ¼ â€¦"
5,"Mantap pelayanan cepat, petugas nya juga ramah ramah, untuk tempat juga nyaman. Mantap.."
5,"Algamdullillah saya pindah faskes dengan mudah dan nyaman. Di layani dengan baik. Kebetulan ketemu dengan mas bayu loket dua, murah senyum ramah serta menjelaskan dengan sabar. Bintang 5 untuk BPJS KESEHATAN."
5,"Sangat cepat mantap, staff nya memberi penjelasan dengan bahasa yg mudah dimengerti,"
5,Bagus pelayana memuaskan
5,Sangat memuaskan pelayanannya bagus bagi sy yg sdh lansia diberi penjelasan yg sangat memuaskab
5,"Tempatnya bagus, nyaman, bersih. Pelayanan kesehatan juga memuaskan,pelayanan cepat, perawat ramah - ramah."
5,pelayanan memuaskan ğŸ‘ â€¦
5,Cepat.. Praktis.. SAT-SET.. makasih mba maya sukses slalu berkah.. Aamiiin Allahumma Aamiiin
5,Terimakasih banyak untuk mbak zahwa telah membantu kami all out hingga kami menjadi mudah untuk bisa faham tentang bpjs dan mobile jkn sukses selalu buat bpjs jkn..
5,"Pelayanan nya sangat baik,dan petugas nya ramah sekali"
4,"bagi yang mau mengurus turun Kelas BPJS Mandiri, persyaratannya sbb:
1. FC KK
2. Membawa Kartu BPJS â€¦"
5,"Proses cepat tanpa repot, karyawannya ramah banget. Mantap!"
5,"Tempatnya bersih,petugasnya ramah"" dari petugas keamanan dan pelayanan umum,cara petugas memberikan pengertian dan arahan kepada masyarakat yang awam prosedur sangat mudah di pahami dan di mengerti,membantu menyelesaikan problem user hingga tuntas,Trimakasih banyak atas pelayanannya BPJS cabang gedong kuning khususnya pada Bpk.Sofwan"
5,Pelayanan & pemanduan dari satpam sangat ramah dan sangat membantu
5,"Pelayanannya cepet sih disini, ada satpam di depen pintu masuk kantor yg nanyain keperluan kita apa. Trs dijelasin."
4,Pelayanan cepat ramah.. petugas bpjs jempol..kantornya dingin..ğŸ˜‚ â€¦
5,Pelayanan nya baik memuaskan   dan semuanya ramah
5,"cepat ,ramah ,mantap"
5,"Pelayanan nya sangat baik, ramah dan nyaman"
5,Pelayanannya sangat baik dan ramah sama pengunjung
5,"Mulai dari satpam hingga petugas CS super duper helpful! Sangat ramah, sangat informatif, dan selalu sabar setiap customer menanyakan banyak sekali pertanyaan terkait program BPJS. Sehat selalu seluruh staf BPJS Gedong Kuning!"
5,"Pelayanannya bagus, mantap, mbaknya ramah sekali. Terimakasihhh"
5,"Pelayanannya cepat, tidak bertelatele. Prosesnya juga cepat, petugasnya ramah ramah juga"
5,"Respon dan pelayanan cepat, apapun kendalanya dibantuin sampai bisa digunakan kembali. Terima kasih"
5,Baik pelayanan makasih
5,pengalamn di bale kota  pelyanan nya sangat bagus sekali orng2 nya ramah ramah trmaksih banyk
5,"Pelayanan memuaskan, petugas ramah. Dibantu menjelaskan sampai jelas"
5,"Security ramah dan memberi arahan dengan jelas, ruang tunggu nyaman"
3,"Antri disini lamanya terlalu, mending daftar online :)"
5,Pelayanan sangat ramah dan penjelasan yg diberikan cukup detail utk keperluan yg saya butuhkan. Semoga tetap bisa dijaga standar kualitas pelayanan yg sudah bagus ini atau bisa ditingkatkan lagi.
5,"Kerenn,,, tempatnya bagus dan strategis
, pegawainya ramah dan komunikatif, pelayanannya pun cepat,,,,, semoga semakin sukses dan ditingkatkan pelayanannya"
5,"Mantab sekali pelayanan disini, pegawainya ramah dan sigap membantuâœ¨âœ¨ğŸ™ğŸ™ â€¦"
4,"Pelayananya cepat dan Cs nya juga ramahÂ², sopan juga, tempatnya bersih , ruangnya wangi,  dan nyaman."
5,"Terimakasih untk pelayanannya...
Sanggat memuaskan...
Sucses sll untk BPJS kesehatan..."
5,Pelayanannya baik dan ramah. Sangat membantu
5,Pelayanannya sangat memuaskan dan sangat cepat menanggapinya
5,pelayanan bagus dan cepat. ketika datang langsung mendapat penindakan tidak perlu antre.
5,"pelayanannya sangat ramah dan cepat, tempatnya juga nyaman"
5,playanannya sangat memuaskan msuk loby lgsung di dtanya keperluannya bahkan di ksih tau tata caranya trimaksih bnyak
5,Petugasnya dalam pelayanan sangat ramah dan memberikan penjelasan dengan rinci.
5,"Tempat nya nyaman.
Pegawai nya ramahÂ².
Pelayanan nya sangat bagus dan sangat membantu ğŸ‘ â€¦"
5,Pelayanan bagus sekali ..cepat â€¦ramahâ€¦jelas â€¦dilayani mbk Nurul yg cantik â€¦sehat slalu ya mbk Nurul dan segenap tim Bpjs Jogja
5,"Petugas pelayanan ramah, ruangan yang kondusif serta nyaman, sehingga membuat para peserta BPJS bisa mengurus administrasi BPJS dengan lancar. Semangat terus, dan sehat selalu."
5,"Tempatnya nyaman, bagus, bersih, wangi, sejuk, pelayanan nya juga ramah dan cepet."
5,"pelayanan yg cepat berkualitas...
para pegawai jg ramah-ramah dan tanggap akan situasi...
fasilitas fisik jg baik.."
5,Pelayannya sgt baik dan ramah...
5,"Alhamdulilllah pelayananya memuaskan, saya sangat dibantu sama mb Dewi..
Puas banget dibantu mengganti data , cara mencetak dan ganti faskes..
Tingkatkan terus pelayananya BPJS jogja"
5,"Pelayanannya cepat karena di bagian depan sudah di himbau untuk menyiapkan perlengkapan dahulu. Ruangannya juga bersih dan wangi, sehingga membuat nyaman saat menunggu di loket. Pendaftaran mobile jkn dapat dibantu staff nya dengan sangat ramah dan cepat"
5,Layanan ramah sudah dibantu mas satpam terimaksih
5,Alamdulillah sangat membantu...pelayanan juga ramah dan cepat...terimakasih..
5,"pelayanan cepat dan petugas ramah, ruangan dingin dan wangi serta bersih, mantap"
5,"Pelayanan bagus, sopan dan sangat memuaskan dgn mb TIARA JUNIATI"
5,Bapak satpam nya sangat ramah.... Memastikan bahwa sebelum masuk kantor BPJS persyaratanya harus lengkap dulu
5,Pelayanannya sangat baik dan memuaskanğŸ‘ â€¦
5,"pelayanan baik , proses cepat , tapi saya sarankan hindari di jam istirahat ya jika tidak mau menunggu lama , over all bagus"
5,"Alhamdulillah pelayanan dr security, CS nya sangat memuaskan, Krn sy hamil diberikan perioritas. Cepat prosesnya dan sangat mudah. Terimakasih BPJS Jogya.. smg sukses selaluğŸ‘ğŸ¤—ğŸ˜˜ â€¦"
5,"Pelayanan sangat baik, ramah dan membantu"
5,"pelayanan ramah, jelas, sabar dan memuaskan"
5,Pelayanan yang sangat bagus dan sangat terbantu terima kasih mba Maya
5,"Terima kasih Bpjs kesehatan Yogyakarta sudah melayani dengan ramah, sopan, sabar dengan customer. Sukses selaluğŸ”¥ğŸ˜ŠğŸ™ â€¦"
5,Pelayanannya sangat ramah sekali..msangat membantu. terimakasih BPJS
5,Alhamdulillah pelayanan memuaskan...penuh santun...jelas dan amat sangat membantu unk lansia seperti kami ..semangat terus pahlawan BPJS kesehatan ...lelahmu semoga tercatat ibadah aamiin
5,Pelayanan bagus menyenangkan tlaten petugasnya sabar dan jelas
5,"Pelayanan bagus.....ramah smua ...termasuk security nya  sangat membantu memberikan penjelasan...
Pelayanan bintang 5"
5,"Pelayanan ramah, informatif, dan cepat serta mudah dipahami.. rencana mau perubahan faskes ternyata bisa via aplikasi dan dibimbing sampai paham.. ğŸ‘ğŸ‘ â€¦"
5,"Pelayanan memuaskan, mbak petugas sangat komunikatif dan membantu sekali"
4,"Pelayanan nya sudah bagus,
Lebih ditingkatkan aja kecepatannya,
Biar ga kelamaan nunggu
Terima kasih"
5,Terima kasih sudah sangat membantu untuk pendaftaran Akun Mobile JKN. Ramah dan dapat dimengerti penjelasannya.
5,"Mantap Pelayanannya, Mulai dari security di depan yang banyak membantu dan menyarankan, Mbak Dita Resepsionis yang Membantu Ngeprint VA sama Mbak Mey yang membantu data saya ğŸ¥° meski datang mepet jam tutup tetap di layani dengan Baik. â€¦"
5,"pelayanan sangat bagus, ramah, kualitas okee"
5,terima kasih kepada bpjs beserta  keluarga pimpinan beserta stap telah memuhi kreteria kerja yang bagus dlm pelayanan masyarakat luas
5,pelayanannya sangat baik dan ramah
5,"Pelayanan bagus, dan ramah cepat tanggap"
5,Pelayanan bagus mulai dari garda depan security tapi sayang gak ada no wa untuk konsultasi online
5,"Siang ini ke BPJS gedong kuning Jogja. Dari awal masuk disamput 2 satpam yg ramah. Mrk helpfull banget menjelaskan secara garis besar info yg saya butuhkan. Lalu dikasih nomor antrian. Sambil menunggu, didatangi mas CS yg menanyakan â€¦"
5,Pelayanan cepat dan petugasnya ramah.
5,"Pelayanannya cepat , petugas ramah dan tempat yang bersih"
5,Pelayanannya sangat baik dari staf dan dokternya.semoga kedepannya bisa lebih baik lagi
5,Pelayanan nya ramah banget cmn 5 lngsung selesai
5,"Pelayanan sangat baik, cepat dan ramah"
5,Trimakasih telah diberi pelayanan yang baik.
5,Bagus dan ramah
5,pelayanannya sangat membantu dan informatif terimakasih mas bayu dan mba2 satpamnya ğŸ™ğŸ˜‡sukses selalu â€¦
5,Pelayanan bgus sekali. Ramah. Sangat terbantu proses login dan pemindahan faskes
5,Pelayanan bagus tempatnya bersih dan petugas cepat tanggapğŸ‘ğŸ‘ğŸ‘ â€¦
5,Aplikasinya sangat bagus dan keren. Pelayanan sangat memuaskan karena pegawainya langsung jemput bola dan terjun langsung kepada customer  peserta bpjs .
5,"pelayanan nya sangat memuaskan,, tempatnya sangat keren"
5,pelayanan nya sangat ramah dan penjelasan nya mudah dimengerti sangat membantu saya
1,"Pelayanan sangat lelet,ga bs sat set, pengunjungnya banyak, pegawai FO cuma 2,
Mbok ya di tambah pegawainya, biar pelayanan cepat, gimana sih."
2,"Pelayanannya baik dari satpam dan petugas lainnya baik, tapi pelayanannya agak sedikit lemot sering ditinggal tinggal dan jumlah petugas pelayanan yang sedikit sampai saya kemarin nunggu 5 jam lamanya padahal hanya ganti faskes saja kecewa sekali sebenarnya. Harap di tingkatkan kalau bisa tambah karyawan lagi."
5,"Baru kali ini nemu petugas garda depan BUMN selain punya product knowledge baik, skill komunikasinya bagus banget. Mbak kacamata dan mas security yg jaga di loket antrian siang ini (18 sept 2023 jam 11 an) semoga dinaikin gajinya ğŸ˜Š â€¦"
5,"Tempat nya nyaman, dan pelayanan super ramah mau mmberikan penjelasan scra detail untuk pelanggan yg awam.trmakash"
5,Pelayanannya cukup baik dan memuaskanğŸ‘ â€¦
5,"Terimakasih atas bantuannya,petugasnya sangat ramah ,dan layananan sangat baik,cepatğŸ‘ğŸ‘ğŸ‘ â€¦"
5,mbanya ramah dan sangat membantu sampai selesai keluhan masalahnya
5,waw... pelayanannya sangat baik sekalii
5,"Makasih atas pelayanan yang ramah ,jelas dan sangat membantu"
5,"Pelayanan Sangat Memuaskan,Cepat,Ramah dan Sopan"
5,"Alhamdulillah pelayanannya ramah,mudah dipahami"
5,Pelayanan ramah mudah dimengerti sangat membantu
5,Pelayanan sangat baik ketika sya kesulitan login krn lupa password
5,Pelayanan yang ramah.....
5,"Pelayanannyaa ramah dan jugaa baik cepatt jugaa tanpa membingungkan, pokokee terbaik ğŸ‘ â€¦"
1,"Sudah 4 kali mondar mandir mau mencabut bpjs dari orang tua, katasatpam disuruh ke balaikota, dari balaikota disuruh ke bpjs dulu, trusbegitu sampai 4 kali, yang ke 4 kalinya dateng jam 1an siang dibolehin masuk sama satpam nya waktu masuk malah disuruh lewat online kenapa tidak dari awal bilang online saja, onlinejuga gk ada kepastian"
5,"Pelayanan sangat bagus, ramah, murah senyum, kualitas bintang 5"
5,Pelayanan nya baik dan pegawai nya ramah ramah
5,Mbaknya sangat helpful satset. Ngurusin pengaktifan kembali kartu bpjs cepet bangett. Debess. Makasih mbakk ğŸ«¶ğŸ«¶ğŸ«¶ â€¦
4,"Pelayanan lumayan cepat, tidak terlalu lama menunggu. Untuk perubahan faskes1 juga cepat dan langsung jadi"
5,Pelayanan sangat bagus ..petugas sangat ramah
5,"Sangat terbantu dengan bpjs mobile yg ke wilayah, banyak pasien yg mau ganti faskes dll tp kesulitan"
5,"Pelayanan baik, ramah dan cepat.."
5,Kantornya rapih enak ga lama pelayananya ğŸ‘ğŸ‘ â€¦
3,Dari segi pelayanan disini saya rasa cukup ........
1,"Tdi siang kekantor bpjs niat mau konsultasi, ngambil antrian jam 11.05 wib dapet antrean no  B26 , nunggu empat antrian lgi,, tapi jam 13.00 an baru dipanggil,, â€¦"
5,"Pelayanan nya enak banget, cepet juga.
Tempatnya bersih, disediakan kursi buat yg bawa anak, lansia jika yg umum penuh. â€¦"
5,"Pelayanan sangat memuaska  dengan mba mey,dibantu aplikasi mobile jkn sehingga saya jd tau penggunaan aplikasi tsb"
5,Pelayanan sudah bagus ditingkatkan
5,Sangat membantu. Karyawan nya ramah. Walaupun antri tpi ga terlalu lama. Terimakasih bpjsğŸ‘ â€¦
5,"Bagus,kami puas dgn pelayanan di Kantor BPJS  sini. Semua keluhan masyarakat dilayani dgn baik"
5,Aktivasi bpjs sangat  lancar mks mb fitri udah bantu aktivasi
5,"Sangat ramah dan dibantu sampai selesai ,memuaskan"
5,"Pelayanan nya sangat memuaskan, sukses untk BPJS kesehatan."
5,"Sangat baik dan memuaskan, dlm membantu costumer yg belum bisa mengoperasikan aplikasi mobile jkn"
5,"Pelayanan nya ramah, satpam nya juga mantap mengarahkan dengan sabar untuk proses kartu hilang / rusak..
Untuk kartu hilang/rusak, diarahkan dahulu ke Jamkesda yg berada di kantor â€¦"
5,"Tempatnya nyaman dan pelayanan cepat, memuaskan... Mantap"
5,"Pelayanan sangat baik, staf ramah, tanggap dan cepat, recommended"
5,Mbak nya yg di loket D 4 ramah bgt huhuhu ğŸ©·ğŸ©·ğŸ©· love bgt dehh makasih kakk â€¦
5,"Terima kasih atas pelayanannya...
Sangat membantu masyarakat yang membutuhkan pelayanan kesehatan ğŸ™ â€¦"
5,"Saya sangat puas dg pelayanan kantor bpjs gedong kuning ,dari scurity sampai sampai petugasnya baik dan ramah dlm melayani."
5,Terimakasih banyak untuk pelayanannya...semoga membawa keberkahan untuk Kita semua...
5,Pelayanan terarah. Didepan sebelum masuk sudah difilter oleh satpam mana yang memang harus ditangani langsung mana yang bisa solved by aplikasi sehingga tentunya jika bs solved by aplikasi akan memangkas banyak waktu daripada menunggu â€¦
5,Pelayan sangat baik semoga tetap amanah
5,"Pelayanan termasuk cepat, petugas sangat membantu, ramah, antre tetap tapi tidak terlalu lama karena cukup ramai, secara keseluruhan baik"
5,"Sangat membantu sekali, pelayanannya oke, ramah dan lancar"
5,"Pelayanan sangat ramah, antrian gak terlalu panjang âœ…"
5,". bagi saya pelayanan baik dan bagus dan ramah""  cara menjelaskan sangat detai poko nya mantul deh....makasih bpjs...."
5,"Alhamdulilah Puji Syukur dan terimakasih  atas pelayanan yang telah diberikan  oleh ibu  Titin
(hari ini  Selasa 29 â€¦"
5,Terima kasih mb fitri atas pelayanannya mudah cepat
5,Pelayanan sangat ramah dan baik
1,"TIDAK MEMUASKAN PELAYANAN LAMA.....
PADAHAL KALO TELAT BAYAR DENDA...GANTIAN PELAYANAN SUPER LAMA.....
NUNGGU ANTRIAN AJA 30MENIT LEBIH.... â€¦"
1,"Antrian super lamaaaaaaa dari jam 10 sampai jam 13:26 masih harus nunggu, saya hitungÂ² perjam dari awal saya dateng sampai sekarang perjam hanya 5 nomor antrian, tolong diperbaiki pelayanannya dong, alasan jam istirahat atau apalah yang â€¦"
5,"Ruang pelayanannya bersih dan luas, didukung dengan pelayanan petugas yang ramah dan cepat. Overall servicenya memuaskanğŸ‘ â€¦"
5,Hari ini tgl merah buka nggak ya
1,"Perubahan data sekarang melalui link wa,kasihan para sesepuh yang ga bisa melalui online,ga semua orang bisa.datang biasanya langsung proses cepat,lewat link wa memakan waktu yang lama karna setiap 30mnt nanti klik link lagi untuk â€¦"
1,"Petugas security tidak ramah, tidak disediakan parkir mobil. Parkir mobil hanya untuk karyawan dan dipaksa parkir dipinggir jalan. Sangat tidak mencerminkan kantor pelayanan publik."
1,MBOK NEK SEKIRANE NEK PEGAWAINE MEH MADANG AWAN PAS JAM MAKAN KI MBOK DI INFOKAN KE PADA PENGUNJUNG YANG AKAN MENGURUS BPJS...MESAKE LEE NUNGGU
5,Pelayanan sangat ramah dan bagus
5,"Terima kasih BPJS ketenagakerjaan Yogyakarta, saya cukup terbantu, pengajuan klaim di banti cs meja no 1 menggunakan JMO"
5,Pelayanannya sangat ramah dan membantu
5,"tempatnya nyaman, wangi bersih serta pelayanannya baik dan ramah"
5,"Datang kesini untuk cek keaktifan BPJS dan login ke JKN, di bagian pelayanan dilayani dg sangat ramah dan jelas. Terima kasih."
5,Pelayanannya sangat bagus.lanjutkan
5,Terimakasih sangat puas. Tadi dilanyani dengan mas Bayu penjelasan detail dan ramah.
5,"Pelayanan nya ramah dan cepat,kamar mandi nya bersih dan wangi,pendaftaran mobile jkn dapat dibantu staff nya dengan sangat ramah dan cepat,ruangannya bersih dan wangi sehingga membuat nyaman saat menunggu di loket"
5,"bagus banget pelayanannya, petugas dan satpam ramah melayani peserta"
5,"Yee eleeehhh bintang 5 biar dibaca pake mataâ€¼ï¸
Baru kali ini ke kantor bpjs ga boleh markir di dalam.. songong banget.. suami udah ribet muterin mobil karna parkiran sempit, udah tinggal mundur dan mau â€¦"
5,Customer service ramah dan penuh senyum . Terimakasih kakak
5,Pelayanan cepat dan jelas
5,"Pelayanan ramah, tempat nyaman, wangi, toilet bersih"
5,Terimakasih BPJS .. skrg pelayanannya cepat. Bisa di akses juga pake JKN Mobile .. semoga penangguhan BPJS saya segera selesai .. Terimakasih BPJS
5,Pelayananan yang memuaskan ğŸ™ pettugas baik dan ramah ... â€¦
5,"Pelayanan cepat dan baik, mudah dimengerti"
5,Pelayanan nya ramah
5,Trima kasih kariawan baik dan ramah sangat mudah dimengerti penjelesannya
5,Terimakasih pelayanan memuaskan cepat dan mudah petugas ramah
5,"Security nya sangat friendly dan helpful! Tanpa harus antri, saya dibantu menangani masalah saya dengan cepat! Tolong gajinya naikin!!!"
5,"Bagus, buka tepat waktu langsung di layani sesuai keluhan"
5,"Sangat ramah dan cepat, bagus pokoknya lah"
4,"Pelayanan oke, tempatnya bersih."
5,Pelayanan cepat dan ramah. Tempatnya nyaman.
5,Layanan bagus n cepat mudah dimengerti
5,"terimakasih atas pelayanan yg sangat baik dan solutif
terkait dg verifikasi JKN mobile"
5,"Free parkir. Ke sini untuk merubah data kartu KIS (alamat). Datang lgsg menemui bpk Satpam, nanti akan dijelaskan syarat berkas apa saja yg diperlukan. Kemudian nanti akan dikasih Form utk diisi di dalam. Selesai isi form lgsg dikasihkan ke â€¦"
5,"Alhamdulillah BPJS sudah membantu keluarga kami dlm hal fasilitas kesehatan dan mudah mudahan dapat membantu juga secara umum utk orang lain
Terima kasih atas pelayanan yg baik kepada kami"
5,"Pelayanan bagus,ramah.
Tempatnya juga bersih adem
Pokoknya sangat membantu sekali"
5,"Pelayanan nya oke, cepat, pokoke joss"
3,"Loket layanan banyak,  antrian cukup lama"
5,Pelayanan cukup baik dan memuaskan..
5,"pelayanan ramah dan nyaman, keren pokoknya"
2,Antrean banyak sedangkan kursi admin ada 4 yang melayani cuma 1 orang udah gitu lama puolll
5,Pelayanan ramah dan berkualitas. Terimakasih banyak.
5,Pelayanannya sangat bagus dan cepat
5,Alhamdulilah respon cepat akses mudah pelayanan bagus..
5,"kali pertama ke kantor BPJS untuk urus update nama anak kedua karena sebelumnya masih kartu sementara.. kurang berkas slip gaji sehingga mesti balik 2x.. tapi keseluruhan cukup baik, update nama langsung bisa lewat petugas di depan, tanpa harus antri di CS.. ğŸ‘ğŸ¼ â€¦"
5,pelayanan sangat ramah dan membantu
5,"Disambut oleh bapak Satpam yg ramah & informatif serta pelayanan  yg cepat, ramah & menyenanglan d
ari mbak CS/karyawan"
5,"Terima kasih mbak nindy saya di bantu klaim, di bantu melakukan penggabungan saldo melalui JMO. Terima kasih bpjs ketenagakerjaan yogyakarta"
5,pelayanannya sangat bagus & membantu
1,"Pelayanan kurang ramah, kebijakan yang dibilang satu atap tidak untuk semua masyarakat dari umum (diskriminatif), hanya bisa yang benar-benar dari dan kerja di kota, domisili di kota kerja di luar kota juga tidak bisa, seharusnya di masa â€¦"
5,Pelayanan nya sangat ramah
5,"Penjelasannya cs nya mudah dimengerti,pelayanan cepat dan ramah,dan securitynya ramah dan sopan."
5,"Pelayanan cepat dan petugas ramah sekali, serta sangat informatif."
5,"Alhamdulillah snagat memuaskan, dari bagian satpam, cs dll petugasnya sangat ramah dan menjelaskan dengan detail. thankyou"
5,"pelayanannya sangat baik, mantap ğŸ‘ğŸ»ğŸ‘ğŸ» â€¦"
5,"Pelayanan online yang baik, ramah, sopan dan gercep, kemarin saya ada permasalahan yang agak rumit, tapi ternyata bisa kelar tidak sampai sejam dg pelayanan online nya...terimaksh Tim Dan staff BPJS kesehatan Jl. GedongKuning Yogyakarta ğŸ™..sehat selalu... â€¦"
5,"Terima kasih,kami sangat terbantu dengan pelayanan yang cepat ramah tidak harus lama menunggu,"
5,Sangat membantu banget dan detail n Rahma dengan @bayu aji permana sena (210421)
5,Pelayanannya cepat dan mudah. Semua staffnya ramah sekali
5,Trimakasi byk satpamnya yang namanya muhumad hudha sangat helpful dan ramah sekali.
5,"Pegawai ramah, sangat membantu, cepat tanggap"
5,"Pelayanan yang excellent, cepat dan ramah ğŸ‘ salut untuk Mba Mey yang sabar dan tanggap dalam melayani ğŸ‘ğŸ‘ â€¦"
5,"Pelayanan baik dan memuaskan, terima kasih."
5,"Petugasnya baik, ramah dan untuk pelayanan nya dipercepat."
5,Semua petugasnya ramah dan sangat membantu. Kamar mandi juga bersih. Semoga selalu terjaga kualitasnya ğŸ™ğŸ¤² â€¦
3,"Satpam di BPJS Jogja ini the best banget saya dijelasinnya detail pol,,,beda sama mbak2 CS yang ngleyanin nya yang duduk di loket itu,, penjelasan seadanya,terkesan tergesa-gesa,katanya ga usah ganti kartu pakai Askes yang lama saja,,jelas2 â€¦"
5,Pelayanan baik terima kasih mbak fitri sudah dibantu daftar aplikasi
5,"Sangat membantu, sangat mudah dan cepat. Terimakasih ğŸ¥° â€¦"
5,"Alhamdulillah.... Pelayanannya cepat & ramah, tempat kerja bersih, suasana nyaman. You are the best...."
5,"Pelayanan ramah, belom saya temuin ditempat lain. Lanjutkan..."
5,Informasi yg diberikan jelas dan kantor bersih
5,"pelayanan ok dan cepat. minus antriannya banyak dan tdk bisa u/ pembayaran. Kalau pagi jam 8 masih sepi, siapkan copy ktp+kk sama asli nya dan copy buku tabungan sblm masuk. Ditambah materai 10rb untuk autodebet, beli materainya diwarung depan dagadu."
4,"Di saat Pandemi seperti sekarang ini mungkin birokrasi bisa lebih dipermudah.
(Terima kasih BPJS Kesehatan karena sudah mengupgrade sistem pelayanan secara online maupun offline, yang kini semakin nyaman dan mudah. Jujur belum pernah masuk lagi ke kantor BPJS untuk ngurus ini itu ini itu. )"
1,"Baru datang di sambut oleh sec yang sangat sopan, ambil antrian dan menunggu lama lumayan lama untuk ke CS, nomor antrian di panggil dilayani oleh mas2 yg sibuk sendiri tanpa sapaan selamat siang atau apapun. Saya gak paham apakah staff â€¦"
5,Semua pelayanan disini sangat ramah dan cepat
5,Alhamdulillah...sy merasa sangat puas dgn pelayanannya cpt n bisa terselaikan dgn cpt
5,"Pelayanan cukup baik, security dan staff lain ramah. Penjelasan yang diberikan kepada konsumen jelas."
5,Pelayanan sangat baik n ramah serta cepat
5,"Klaim menggunakan aplikasi JMO sangat mudah, 2-3 menit sudah cair"
5,"Pertama kali ngurus BPJS offline karena ada kendala di data lama dan ingin daftar BPJS mandiri. Pelayanan dari satpam yang membantu menjelaskan berkas yg perlu disiapkan, costumer servis menjelaskan detail dan menjawab dengan jelas setiap â€¦"
5,Pelayanan sangat bagus dan memuaskan
5,Terima kasih cepat dan mudah ternyata pelayanannya
5,"Pelayanan nya bagus, dan memuaskan"
5,Pelayanan ramah dan memuaskan sekali
5,Pelayanan sangat nyaman dan baik
5,"Peserta sudah terarahkan dengan baik oleh satpam di depan sebelum masuk, satpam termasuk well educated dan ramah. Pelayanan cs di dalam ramah, baik, penjelasan terstruktur terlebih mbak2 loket 1 yang sabar menjelaskan. GoodjobğŸ‘ â€¦"
5,Sangat memuaskan karena petugasnya ramah2 dan sangat membantu dalam menyelesaikan keluhan.
5,"Pelayanannya ramah, sangat membantu"
5,"pelayanan ramah
cepat dan terstruktur
seluruh karyawan ramah"
5,"Pelayanan bagus, pegawainya ramah, terbaik sudah"
5,"Pelayanan baik, cepat dan solutif. Tingkatkan terus layanannya. ğŸ˜Š â€¦"
5,"Didepan sebelum masuk sudah difilter oleh security dan diarahkan harus ke loket mana, dipandu bisa download mobile JKN untuk memudahkan peserta dalam mengakses layanan. Petugas ramah, tanggap dan informatif, prosesnya tidak terlalu lama."
5,"Pelayanan nya memuaskan,,,pegawainya ramahÂ²"
5,"Pelayanan baik, sangat terbantu"
5,"Antrian terstruktur, ruang tunggu nyaman, pelayanan memuaskan ğŸ‘ â€¦"
5,"Pelayanan bagus, lebih mantap kalo ada tempat fotokopian di area kantor dan jual materai agar tidak bolak balik cari"
5,Pelayanan serta fasilitas bagus. Satpam ramah dan dapat membantu secara cepat
5,Pelayanannya bagus dan pegawai cepat dalam melayani
5,"pelayanan baik, cepat dan ramah"
5,Pindah faakes dibantu oleb petugas hang ramah dan cepat. Terimakasih.
5,"Terimakasih pelayanan ramah sekali tempat bersih semua staf baik"""
5,"Bagus sekali , pelayanan cepat dan mantap.."
5,"â€¢ pelayanan nya ramah dan cepat
â€¢ Kamar mandi nya bersih dah wangi
â€¢ Ruangannya bersih dan wangi, sehingga membuat nyaman saat menunggu di loket."
5,"pelayanan oke, semoga semakin berkembang"
5,"Pelayanan ramah dan informatif. Saya mau mengurus data ganda, sama satpamnya diarahkan lewat cara yg lebih mudah. Terima kasih Mas Huda dan Mas Ardiyanto.

Good job!"
5,"Pelayanannya sangat baik, sangat informatif dan membantu terutama petugasnya sangat ramah."
5,Pelayanan mba Nindy luar biasa. Cepat. Terimakasih mba Nindy. God bless
5,"Tempatnya nyaman, pelayanannya cepat tanggap dan ramah"
5,"pelayan dan staff nya cukup profesional sehingga pelayanannya cepat dan ramah, dan tidak lupa juga fasilitas yang ada memadai"
2,"Mohon sekiranya ada petugas awal sebelum diharuskan mengantri ato tidak. Hari ini istri saya berniat ingin mencetak kartu BPJS,namun krn tdk ada petugas awal maka harus ikut mengantri. Namun ternyata setelah antri lama tnyta model saat ini tdk perlu cetak kartu dan pakai aplikasi di hp. Menunggu waktu sia2"
5,"Pelayanan sangat bagus dan cepat, smoga BPJS Kesehatan semakin berkembang dan bisa meringankan beban Masyarakat Indonesia, Sukses dan Maju BPJS Kesehatan"
5,Pelayanan baik mulai dari satpam yang membantu dan informatif. Sehingga saat antri di Cs semua berkas yang dibutuhkan sudah lengkap tanpa harus bolak balik.
5,"pelayanan nya ramah, baik, dan fasilitasnya lengkap"
5,"ke sini ngurus pengaktifan kembali bpjs yang dinonaktifkan karena udah 21 tahun (masih kuliah). yang bertugas ngurusin ini satpamnya karena ternyata layanan ini termasuk layanan dropbox, jadi ga perlu masuk kantor. satpamnya sabar dan â€¦"
5,Terima kasih pelayanannya sangat bagus dan cepat
5,Satpam ramah polll full senyummm. Petugass nya juga ramahhh. Dijelaskan detail. Penangan oke bangett
4,Sekarang sudah tersedia 10 loket jadi anda tidak terlalu lama menunggu. Nomor antrian juga ada display dan diberitahu suara sebanyak 3x. Jika belum sarapan ada soto di depan jadi tidak perlu jauh untuk mencari sarapan.
5,Pelayanannya cepat dan petugasnya ramah2...
5,pelayanan bagus tempatnya bersih dan petugas cepat tanggap
4,"Antrinya lmyan lama aplg kl datang siang
Petugasnya sih sudah brusaha ramah, tp jgn harap dikasi senyum terus, krn ptugasnya ga bgitu banyak tp yg antri buanyuak,, wajar kl kadang judes krn pasti â€¦"
5,Pelayanan bagus dan sangat memuaskan
5,"Pelayanan jelas, membantu dan cekatan. Terimakasih banyak pelayanannya dari security, loket pengambilan nomor hingga CS. Semua terintegrasi dan dapat melayani masyarakat dengan lebih baik."
5,"Pelayanan bagus, sangat informatif, sampe kita bener2 jelas
Pertahankan pelayanan"
